{
	"description": "项目配置文件",
	"packOptions": {
		"ignore": []
	},
	"setting": {
		"urlCheck": true,
		"es6": true,
		"postcss": true,
		"minified": true,
		"newFeature": true,
		"coverView": true,
		"autoAudits": false,
		"showShadowRootInWxmlPanel": true,
		"scopeDataCheck": false,
		"checkInvalidKey": true,
		"checkSiteMap": true,
		"uploadWithSourceMap": true,
		"babelSetting": {
			"ignore": [],
			"disablePlugins": [],
			"outputPath": ""
		}
	},
	"compileType": "miniprogram",
	"libVersion": "2.10.1",
	"appid": "wxd5a7d915a2aed5a9",
	"projectname": "StrayAnimal",
	"debugOptions": {
		"hidedInDevtools": []
	},
	"isGameTourist": false,
	"simulatorType": "wechat",
	"simulatorPluginLibVersion": {},
	"condition": {
		"search": {
			"current": -1,
			"list": []
		},
		"conversation": {
			"current": -1,
			"list": []
		},
		"plugin": {
			"current": -1,
			"list": []
		},
		"game": {
			"currentL": -1,
			"list": []
		},
		"gamePlugin": {
			"current": -1,
			"list": []
		},
		"miniprogram": {
			"current": -1,
			"list": [
				{
					"id": -1,
					"name": "pages/animal/animal-products/animal-products",
					"pathName": "pages/animal/animal-products/animal-products",
					"query": "",
					"scene": null
				},
				{
					"id": -1,
					"name": "pages/animal/animal-products/animal-products",
					"pathName": "pages/animal/animal-products/animal-products",
					"query": "",
					"scene": null
				},
				{
					"id": -1,
					"name": "pages/home/home",
					"pathName": "pages/home/home",
					"query": "",
					"scene": null
				},
				{
					"id": -1,
					"name": "pages/admin/admin",
					"pathName": "pages/admin/admin",
					"query": "",
					"scene": null
				},
				{
					"id": -1,
					"name": "pages/animal/animal",
					"pathName": "pages/animal/animal",
					"query": "",
					"scene": null
				},
				{
					"id": -1,
					"name": "pages/animal/animal-order/animal-order",
					"pathName": "pages/animal/animal-order/animal-order",
					"query": "",
					"scene": null
				},
				{
					"id": -1,
					"name": "pages/home/myorders/myorder",
					"pathName": "pages/home/myorders/myorder",
					"query": "",
					"scene": null
				},
				{
					"id": -1,
					"name": "pages/home/myorders/myorders",
					"pathName": "pages/home/myorders/myorders",
					"scene": null
				}
			]
		}
	}
}