<?xml version="1.0" encoding="UTF-8" ?>
<!DOCTYPE configuration
        PUBLIC "-//mybatis.org//DTD Config 3.0//EN"
        "http://mybatis.org/dtd/mybatis-3-config.dtd">
<!--mubatis主配置文件-->

<!--      IDEA是不会编译src的java目录的xml文件，所以在Mybatis的配置文件中找不到xml文件！
         （也有可能是Maven构建项目的问题，网上教程很多项目是普通的Java web项目，所以可以放到src下面也能读取到）
-->
<configuration>
<!--    <settings>-->
<!--        <setting name="lazyLoadingEnabled" value="true"/>-->
<!--        <setting name="aggressiveLazyLoading" value="false"/>-->
<!--    </settings>-->
    <typeAliases>
        <package name="cn.xhuidong.domain"/>
    </typeAliases>

    <!--配置环境-->
    <environments default="development">
        <!--配置mysql的环境-->
        <environment id="development">
            <!--配置事务的类型-->
            <transactionManager type="JDBC"/>
            <!--配置数据源(连接池)-->
            <dataSource type="POOLED">
                <!--配置连接数据库的4个基本信息-->
                <property name="driver" value="com.mysql.cj.jdbc.Driver"/>
                <property name="url" value="jdbc:mysql://129.211.23.113:3306/db_stray?serverTimezone=UTC"/>
                <property name="username" value="db_stray"/>
                <property name="password" value="pA2G8i2Ye5kk4neZ"/>
            </dataSource>
        </environment>
    </environments>
    <!--指定映射配置文件的位置，映射配置文件指的是每个dao独立的配置文件-->
    <mappers>
<!--        <mapper resource="cn.xhuidong.dao.IOrderDao.xml"></mapper>-->
        <package name="cn.xhuidong.dao"/>
    </mappers>

</configuration>